element_symbol	unique_genome_acc_count
16S_A1055G	1
16S_A1408G	2
16S_A1519C	1
16S_A1519G	1
16S_A794G	2
16S_A964G	1
16S_C1066T	1
16S_C1192T	6
16S_G527T	1
16S_G926A	4
16S_G926T	6
16S_T1406A	1
23S_A2062G	66
23S_A2074C	15
23S_A2074G	29
23S_A2074T	124
23S_A2075G	3334
23S_C2220T	125
23S_C2611T	3
23S_C2617T	374
23S_C658T	1
23S_G2032A	2
23S_G2057A	1
23S_G2475T	4
23S_G2576T	49
23S_G2604T	35
23S_G2794T	5
23S_T2532C	1
23S_T2609C	4
23S_T754A	4
50S_L22_A103V	9
aac(2')-I(A267)	51
aac(2')-IIa	596
aac(2')-Ia	273
aac(2')-Ic	7327
aac(2')-Ie	5
aac(3)	593
aac(3)-C1264	3
aac(3)-C322	43
aac(3)-I	107
aac(3)-II	138
aac(3)-IIIa	20
aac(3)-IIIb	15
aac(3)-IIIc	20
aac(3)-IIa	1
aac(3)-IIb	3
aac(3)-IId	30376
aac(3)-IIe	23986
aac(3)-IIg	1518
aac(3)-IV	111
aac(3)-IVa	19967
aac(3)-Ia	4771
aac(3)-Ib	250
aac(3)-Ic	213
aac(3)-Id	2418
aac(3)-If	8
aac(3)-VIa	7193
aac(3)-XI	287
aac(6')	9392
aac(6')-29	303
aac(6')-29a	466
aac(6')-29b	455
aac(6')-30	19
aac(6')-31	107
aac(6')-32	4
aac(6')-33	352
aac(6')-D292	9
aac(6')-D42	7
aac(6')-E111	54
aac(6')-E449	5
aac(6')-E550	7
aac(6')-E553	2
aac(6')-E606	5
aac(6')-E64	49
aac(6')-E657	4
aac(6')-E963	1
aac(6')-F309	4
aac(6')-F72	5
aac(6')-I	23697
aac(6')-II	7
aac(6')-IIa	620
aac(6')-IIb	17
aac(6')-IIc	2135
aac(6')-Ia	224
aac(6')-Iae	13
aac(6')-Iai	2
aac(6')-Iak	10
aac(6')-Ial	71
aac(6')-Ian	1377
aac(6')-Iap	3
aac(6')-Ib	17370
aac(6')-Ib'	7137
aac(6')-Ib-cr	1901
aac(6')-Ib-cr10	1
aac(6')-Ib-cr11	5
aac(6')-Ib-cr4	33
aac(6')-Ib-cr5	41805
aac(6')-Ib-cr7	68
aac(6')-Ib-cr9	1
aac(6')-Ib11	65
aac(6')-Ib3	4888
aac(6')-Ib4	4983
aac(6')-Ic	209
aac(6')-Ie	2859
aac(6')-Ie/aph(2'')	9
aac(6')-Ie/aph(2'')-Ia	29844
aac(6')-Ie/aph(2'')-If2	239
aac(6')-If	179
aac(6')-Ig	1
aac(6')-Ii	14
aac(6')-Iid	149
aac(6')-Il	2463
aac(6')-Im	177
aac(6')-Iq	38
aac(6')-Iz	562
aacA16	1218
aacA32	6
aacA34	31
aacA35	3
aacA37	29
aacA38	9
aacA43	19
aacA48	3
aacA56	12
aacA57-2	5
aacA8	126
aad9	2724
aadA1	119179
aadA10	104
aadA11	827
aadA12	789
aadA13	484
aadA15	344
aadA16	6245
aadA2	70463
aadA21	63
aadA22	3376
aadA25	898
aadA27	14
aadA3	108
aadA31	310
aadA36	35
aadA4	151
aadA5	38617
aadA6	2635
aadA7	2813
aadA8	247
aadA9	7
aadD1	14152
aadE	4482
aadE-Cc	3888
aadK	1
aadS	425
abaF	28903
abc-f	323
acrB_R620C	12
acrB_R717L	339
acrB_R717Q	149
acrF	291978
acrR_M109I	223
acrR_R45C	77
acrR_V165I	2043
acrR_Y114F	2046
adeC	21213
adeD	1110
adeE	1125
adeR_A91V	61
adeR_D20N	12
adeR_E219A	2
adeR_P116L	14
adeR_P56S	77
adeS_G336S	487
adeS_H189Y	492
adeS_N125K	295
adeS_Q163STOP	3
adeS_R152K	111
adeS_T153M	16
almE	10574
almF	10572
almG	10573
amgS_R182C	25
amgS_V121G	249
ampC	10218
ampC_C-11T	225
ampC_C-42A	6
ampC_C-42G	1
ampC_C-42T	1785
ampC_G-15GG	23
ampC_Sliq-1	1
ampC_T-14TGT	74
ampC_T-32A	907
ampD_E108STOP	18
ampD_E67STOP	8
ampD_H157Y	43
ampD_H77Y	32
ampD_Q155STOP	26
ampD_Q44STOP	27
ampD_T139M	122
ampR_D135G	92
ampR_G154R	138
ampR_R86C	28
amvA	30645
ant(2'')-Ia	11992
ant(3'')	1595
ant(3'')-IIa	29471
ant(3'')-IIc	2
ant(3'')-Ia	177
ant(3'')-Ij/aac(6')-IIa	1
ant(3'')-Ij/aac(6')-Ib	3
ant(4')	2
ant(4')-I	78
ant(4')-IIb	218
ant(6)	333
ant(6)-Ia	43186
ant(6)-Ib	354
ant(9)	130
ant(9)-Ia	22343
ant(9)-Ib	24
aph(2'')-G141	5
aph(2'')-I	1144
aph(2'')-IIIa	133
aph(2'')-IIa	176
aph(2'')-IVa	51
aph(2'')-Ia	3230
aph(2'')-Ie	86
aph(2'')-If	1364
aph(2'')-If2	1
aph(2'')-Ig	377
aph(2'')-Ih	385
aph(2'')-Ii	26
aph(3'')	962
aph(3'')-Ib	210108
aph(3')	101
aph(3')-H48	14
aph(3')-H510	49
aph(3')-I	333
aph(3')-I(H957)	9
aph(3')-II	1186
aph(3')-IIIa	49366
aph(3')-IIa	4802
aph(3')-IIb	31058
aph(3')-IIc	1114
aph(3')-IId	1
aph(3')-Ia	65848
aph(3')-Ib	105
aph(3')-Id	33
aph(3')-VI	6102
aph(3')-VIIa	2924
aph(3')-VIa	5223
aph(3')-VIb	742
aph(3')-XV	1058
aph(4)-Ia	19773
aph(6)	1315
aph(6)-I	1
aph(6)-Ic	1643
aph(6)-Id	210363
aph(7'')-Ia	15
aph(9)-Ia	5395
aphA16	126
apmA	184
armA	19350
arr	4964
arr-2	8035
arr-3	14846
arr-4	15
arr-5	21
arr-7	7
baeS_T175P	1
basR_A80V	3
basR_G15R	18
basR_G53A	2
basR_G53C	2
basR_G53E	21
basR_G53R	43
basR_G53S	18
basR_G53V	12
basR_G53W	18
basR_L105P	15
basR_R81L	8
basR_R81S	14
basR_S39I	3
bcrA	118
bla	11877
bla-A	2
bla2	5709
blaA	2468
blaACC	3
blaACC-1	87
blaACC-1a	1
blaACC-1c	1
blaACC-4	4
blaACT	2362
blaACT-1	60
blaACT-101	4
blaACT-102	13
blaACT-103	7
blaACT-104	3
blaACT-105	9
blaACT-106	8
blaACT-108	21
blaACT-109	10
blaACT-110	4
blaACT-114	1
blaACT-115	148
blaACT-116	5
blaACT-12	11
blaACT-123	1
blaACT-131	2
blaACT-14	4
blaACT-141	2
blaACT-142	4
blaACT-143	8
blaACT-144	7
blaACT-146	1
blaACT-147	24
blaACT-148	1
blaACT-15	196
blaACT-151	3
blaACT-152	1
blaACT-153	1
blaACT-154	1
blaACT-155	2
blaACT-156	2
blaACT-157	2
blaACT-16	610
blaACT-161	3
blaACT-162	2
blaACT-164	1
blaACT-17	1746
blaACT-19	8
blaACT-2	65
blaACT-23	67
blaACT-24	628
blaACT-25	272
blaACT-27	68
blaACT-28	138
blaACT-3	82
blaACT-35	14
blaACT-37	94
blaACT-39	5
blaACT-4	34
blaACT-40	106
blaACT-41	52
blaACT-42	6
blaACT-43	15
blaACT-44	26
blaACT-45	869
blaACT-46	86
blaACT-47	13
blaACT-48	21
blaACT-49	29
blaACT-50	2
blaACT-51	18
blaACT-52	89
blaACT-53	30
blaACT-54	10
blaACT-55	143
blaACT-56	495
blaACT-57	38
blaACT-6	3
blaACT-60	1
blaACT-61	5
blaACT-63	4
blaACT-64	19
blaACT-65	76
blaACT-66	5
blaACT-67	46
blaACT-68	13
blaACT-69	28
blaACT-70	63
blaACT-72	11
blaACT-73	1
blaACT-74	76
blaACT-75	77
blaACT-76	9
blaACT-77	25
blaACT-78	4
blaACT-80	4
blaACT-82	1
blaACT-83	3
blaACT-84	19
blaACT-85	2
blaACT-86	1
blaACT-87	5
blaACT-88	1
blaACT-89	13
blaACT-9	37
blaACT-90	141
blaACT-93	2
blaACT-94	5
blaACT-95	20
blaACT-96	3
blaACT-98	5
blaACT-99	7
blaADC	4014
blaADC-1	15
blaADC-100	1
blaADC-101	2
blaADC-102	1
blaADC-103	10
blaADC-105	4
blaADC-106	17
blaADC-107	1
blaADC-11	320
blaADC-114	15
blaADC-115	33
blaADC-116	10
blaADC-117	41
blaADC-119	25
blaADC-12	5
blaADC-120	9
blaADC-121	3
blaADC-122	3
blaADC-123	48
blaADC-125	7
blaADC-127	4
blaADC-128	1
blaADC-129	1
blaADC-13	5
blaADC-130	45
blaADC-131	3
blaADC-132	21
blaADC-133	2
blaADC-135	12
blaADC-136	1
blaADC-137	1
blaADC-138	1
blaADC-139	1
blaADC-140	16
blaADC-143	28
blaADC-144	7
blaADC-145	1
blaADC-146	1
blaADC-147	1
blaADC-148	6
blaADC-149	1
blaADC-150	68
blaADC-151	3
blaADC-152	151
blaADC-154	74
blaADC-155	142
blaADC-156	138
blaADC-157	2
blaADC-158	114
blaADC-159	5
blaADC-160	15
blaADC-162	257
blaADC-163	71
blaADC-164	21
blaADC-165	71
blaADC-166	6
blaADC-167	9
blaADC-169	174
blaADC-170	2
blaADC-171	17
blaADC-172	2
blaADC-173	6
blaADC-175	19
blaADC-176	126
blaADC-177	1
blaADC-179	2
blaADC-18	386
blaADC-181	26
blaADC-182	126
blaADC-183	21
blaADC-184	12
blaADC-185	44
blaADC-186	17
blaADC-187	13
blaADC-188	4
blaADC-191	147
blaADC-193	3
blaADC-194	1
blaADC-195	1
blaADC-196	3
blaADC-198	21
blaADC-199	183
blaADC-2	41
blaADC-200	1
blaADC-201	2
blaADC-203	83
blaADC-204	1
blaADC-207	5
blaADC-212	126
blaADC-213	2
blaADC-214	38
blaADC-215	81
blaADC-216	49
blaADC-217	25
blaADC-218	4
blaADC-219	34
blaADC-220	1
blaADC-221	2
blaADC-222	1645
blaADC-223	268
blaADC-224	62
blaADC-225	2
blaADC-226	54
blaADC-227	14
blaADC-228	3
blaADC-229	13
blaADC-230	2
blaADC-231	3
blaADC-232	3
blaADC-233	58
blaADC-234	1
blaADC-235	7
blaADC-236	1
blaADC-237	4
blaADC-238	55
blaADC-239	14
blaADC-240	19
blaADC-241	30
blaADC-242	24
blaADC-243	18
blaADC-244	19
blaADC-245	51
blaADC-246	10
blaADC-247	15
blaADC-248	39
blaADC-249	39
blaADC-25	489
blaADC-250	1
blaADC-251	1
blaADC-252	12
blaADC-253	1
blaADC-254	16
blaADC-255	4
blaADC-256	1
blaADC-257	3
blaADC-258	8
blaADC-259	69
blaADC-26	617
blaADC-262	11
blaADC-263	119
blaADC-265	2
blaADC-267	8
blaADC-268	277
blaADC-269	9
blaADC-270	19
blaADC-271	4
blaADC-273	1
blaADC-276	1
blaADC-277	1
blaADC-278	13
blaADC-279	15
blaADC-280	2
blaADC-284	29
blaADC-285	2
blaADC-286	1
blaADC-287	2
blaADC-288	2
blaADC-289	1
blaADC-290	8
blaADC-291	26
blaADC-292	1
blaADC-293	5
blaADC-295	2
blaADC-30	7220
blaADC-302	16
blaADC-303	12
blaADC-304	12
blaADC-305	6
blaADC-306	1
blaADC-307	1
blaADC-308	17
blaADC-309	1
blaADC-31	4
blaADC-310	27
blaADC-311	4
blaADC-312	70
blaADC-313	1
blaADC-314	16
blaADC-315	8
blaADC-316	2
blaADC-317	1
blaADC-318	7
blaADC-319	1
blaADC-32	111
blaADC-320	2
blaADC-321	8
blaADC-322	1
blaADC-323	1
blaADC-324	2
blaADC-325	2
blaADC-326	1
blaADC-327	3
blaADC-328	10
blaADC-329	1
blaADC-33	984
blaADC-330	2
blaADC-331	1
blaADC-332	1
blaADC-333	1
blaADC-334	9
blaADC-336	53
blaADC-337	11
blaADC-338	1
blaADC-342	1
blaADC-343	1
blaADC-344	2
blaADC-346	1
blaADC-347	4
blaADC-348	1
blaADC-350	10
blaADC-39	2
blaADC-43	60
blaADC-5	52
blaADC-50	27
blaADC-52	393
blaADC-53	2
blaADC-56	380
blaADC-57	63
blaADC-6	41
blaADC-61	2
blaADC-70	41
blaADC-73	7999
blaADC-74	211
blaADC-75	13
blaADC-76	301
blaADC-77	3
blaADC-78	13
blaADC-79	529
blaADC-80	89
blaADC-81	30
blaADC-82	142
blaADC-84	3
blaADC-87	118
blaADC-88	26
blaADC-89	1
blaADC-90	1
blaADC-91	4
blaADC-92	1
blaADC-93	1
blaADC-94	1
blaADC-95	13
blaADC-96	6
blaADC-97	9
blaADC-98	3
blaADC-99	22
blaAER	37
blaAFM	1
blaAFM-1	21
blaAFM-2	22
blaAFM-3	1
blaAFM-4	2
blaAFM-5	1
blaAIM-1	4
blaAQU	83
blaAQU-1	3
blaARL	1
blaB	237
blaB-1	136
blaB-11	67
blaB-12	39
blaB-13	6
blaB-14	18
blaB-17	90
blaB-18	53
blaB-19	29
blaB-2	25
blaB-20	5
blaB-21	9
blaB-23	3
blaB-29	32
blaB-30	4
blaB-31	25
blaB-32	1
blaB-33	4
blaB-35	1
blaBEL	3
blaBEL-1	12
blaBES	1
blaBIM	10
blaBIM-1	1
blaBKC-1	4
blaBKC-2	1
blaBMHC-1	6
blaBPU	1
blaC	7326
blaCAE-1	15
blaCAM	1
blaCAM-1	4
blaCAR	8
blaCARB	1170
blaCARB-1	3
blaCARB-12	11
blaCARB-16	455
blaCARB-17	62
blaCARB-18	4044
blaCARB-19	7
blaCARB-2	9469
blaCARB-20	927
blaCARB-21	658
blaCARB-22	2924
blaCARB-23	1
blaCARB-24	8
blaCARB-25	3
blaCARB-26	15
blaCARB-27	10
blaCARB-28	2
blaCARB-29	1
blaCARB-3	1
blaCARB-30	838
blaCARB-31	110
blaCARB-32	97
blaCARB-33	1
blaCARB-34	95
blaCARB-35	4
blaCARB-36	42
blaCARB-38	3
blaCARB-4	53
blaCARB-40	10
blaCARB-41	29
blaCARB-42	327
blaCARB-43	45
blaCARB-44	28
blaCARB-45	33
blaCARB-46	21
blaCARB-47	17
blaCARB-48	17
blaCARB-49	9
blaCARB-50	6
blaCARB-53	3
blaCARB-56	42
blaCARB-57	16
blaCARB-58	1
blaCARB-7	251
blaCARB-8	2
blaCARB-9	43
blaCBP	67
blaCBP-1	67
blaCDD	17338
blaCDD-1	814
blaCDD-2	1062
blaCFE	2
blaCKO	186
blaCMA	123
blaCMA-1	7
blaCMA-2	7
blaCME	587
blaCME-1	51
blaCME-3	54
blaCMH	576
blaCMH-10	4
blaCMH-11	1
blaCMH-13	2
blaCMH-15	2
blaCMH-16	2
blaCMH-17	1
blaCMH-18	1
blaCMH-19	7
blaCMH-22	2
blaCMH-23	1
blaCMH-24	6
blaCMH-25	1
blaCMH-3	27
blaCMH-4	91
blaCMH-5	3
blaCMH-6	1
blaCMH-7	11
blaCMH-8	2
blaCMH-9	35
blaCMY	3804
blaCMY-10	2
blaCMY-101	17
blaCMY-105	3
blaCMY-109	109
blaCMY-111	2
blaCMY-121	3
blaCMY-13	36
blaCMY-131	7
blaCMY-132	1
blaCMY-133	1
blaCMY-135	9
blaCMY-137	2
blaCMY-140	4
blaCMY-141	39
blaCMY-143	1
blaCMY-145	310
blaCMY-146	44
blaCMY-148	38
blaCMY-150	29
blaCMY-151	14
blaCMY-152	94
blaCMY-153	4
blaCMY-154	2
blaCMY-156	2
blaCMY-159	1
blaCMY-16	197
blaCMY-162	1
blaCMY-166	7
blaCMY-168	1
blaCMY-170	1
blaCMY-172	5
blaCMY-173	2
blaCMY-174	1
blaCMY-177	1
blaCMY-178	3
blaCMY-180	21
blaCMY-181	195
blaCMY-182	30
blaCMY-185	1
blaCMY-186	2
blaCMY-189	26
blaCMY-191	1
blaCMY-2	22411
blaCMY-23	15
blaCMY-24	1
blaCMY-27	3
blaCMY-30	20
blaCMY-31	73
blaCMY-32	2
blaCMY-33	1
blaCMY-4	932
blaCMY-41	8
blaCMY-42	1532
blaCMY-43	2
blaCMY-44	1
blaCMY-48	732
blaCMY-51	20
blaCMY-55	1
blaCMY-58	3
blaCMY-59	9
blaCMY-6	616
blaCMY-60	1
blaCMY-62	3
blaCMY-65	91
blaCMY-66	63
blaCMY-68	7
blaCMY-69	3
blaCMY-7	9
blaCMY-70	14
blaCMY-72	29
blaCMY-74	2
blaCMY-75	48
blaCMY-76	9
blaCMY-78	57
blaCMY-79	1
blaCMY-8	2
blaCMY-81	12
blaCMY-82	24
blaCMY-83	28
blaCMY-84	14
blaCMY-85	12
blaCMY-8b	7
blaCMY-94	1
blaCMY-97	8
blaCMY-99	3
blaCSA	1292
blaCSA-1	102
blaCSA-2	470
blaCTX-M	3957
blaCTX-M-1	4834
blaCTX-M-10	12
blaCTX-M-101	16
blaCTX-M-102	4
blaCTX-M-104	67
blaCTX-M-105	2
blaCTX-M-115	143
blaCTX-M-12	66
blaCTX-M-121	14
blaCTX-M-122	4
blaCTX-M-123	209
blaCTX-M-125	27
blaCTX-M-127	6
blaCTX-M-13	7
blaCTX-M-130	71
blaCTX-M-131	1
blaCTX-M-132	42
blaCTX-M-134	42
blaCTX-M-136	17
blaCTX-M-137	3
blaCTX-M-139	1
blaCTX-M-14	11688
blaCTX-M-140	4
blaCTX-M-141	2
blaCTX-M-142	1
blaCTX-M-15	60022
blaCTX-M-150	1
blaCTX-M-152	1
blaCTX-M-153	6
blaCTX-M-154	3
blaCTX-M-157	13
blaCTX-M-163	1
blaCTX-M-165	14
blaCTX-M-166	1
blaCTX-M-167	1
blaCTX-M-169	5
blaCTX-M-170	1
blaCTX-M-173	6
blaCTX-M-174	39
blaCTX-M-178	2
blaCTX-M-179	1
blaCTX-M-181	3
blaCTX-M-182	7
blaCTX-M-185	1
blaCTX-M-189	8
blaCTX-M-19	10
blaCTX-M-190	10
blaCTX-M-192	1
blaCTX-M-193	1
blaCTX-M-195	3
blaCTX-M-196	1
blaCTX-M-199	119
blaCTX-M-2	1312
blaCTX-M-200	1
blaCTX-M-202	2
blaCTX-M-205	2
blaCTX-M-206	7
blaCTX-M-208	1
blaCTX-M-209	6
blaCTX-M-210	2
blaCTX-M-213	3
blaCTX-M-214	2
blaCTX-M-215	1
blaCTX-M-216	2
blaCTX-M-219	1
blaCTX-M-22	2
blaCTX-M-220	10
blaCTX-M-223	1
blaCTX-M-224	2
blaCTX-M-226	1
blaCTX-M-229	4
blaCTX-M-231	69
blaCTX-M-232	2
blaCTX-M-235	3
blaCTX-M-236	1
blaCTX-M-238	1
blaCTX-M-24	658
blaCTX-M-240	8
blaCTX-M-243	1
blaCTX-M-246	1
blaCTX-M-248	21
blaCTX-M-25	10
blaCTX-M-251	1
blaCTX-M-252	2
blaCTX-M-253	1
blaCTX-M-255	4
blaCTX-M-256	2
blaCTX-M-257	1
blaCTX-M-258	1
blaCTX-M-26	3
blaCTX-M-261	1
blaCTX-M-267	3
blaCTX-M-269	3
blaCTX-M-27	8029
blaCTX-M-28	4
blaCTX-M-3	2964
blaCTX-M-30	3
blaCTX-M-32	458
blaCTX-M-33	18
blaCTX-M-35	9
blaCTX-M-36	7
blaCTX-M-37	2
blaCTX-M-38	6
blaCTX-M-39	29
blaCTX-M-40	9
blaCTX-M-44	11
blaCTX-M-5	9
blaCTX-M-52	1
blaCTX-M-55	9137
blaCTX-M-56	1
blaCTX-M-58	2
blaCTX-M-59	2
blaCTX-M-61	4
blaCTX-M-62	16
blaCTX-M-63	44
blaCTX-M-64	329
blaCTX-M-65	15159
blaCTX-M-67	7
blaCTX-M-68	2
blaCTX-M-71	10
blaCTX-M-73	3
blaCTX-M-76	1
blaCTX-M-77	1
blaCTX-M-78	1
blaCTX-M-79	1
blaCTX-M-8	550
blaCTX-M-82	3
blaCTX-M-88	1
blaCTX-M-89	3
blaCTX-M-9	943
blaCTX-M-90	47
blaCTX-M-91	2
blaCTX-M-95	1
blaCTX-M-96	11
blaCTX-M-98	49
blaDHA	1050
blaDHA-1	5539
blaDHA-12	13
blaDHA-13	53
blaDHA-14	47
blaDHA-15	19
blaDHA-17	15
blaDHA-20	5
blaDHA-21	18
blaDHA-22	50
blaDHA-23	1
blaDHA-25	7
blaDHA-26	1
blaDHA-27	11
blaDHA-28	1
blaDHA-30	6
blaDHA-4	116
blaDHA-5	19
blaDHA-6	4
blaDHA-7	17
blaDHA-9	35
blaDIM	6
blaDIM-1	34
blaEC	310273
blaEC-13	9
blaEC-15	23
blaEC-16	1
blaEC-5	8729
blaEC-8	1
blaFIM-1	7
blaFONA	76
blaFONA-1	4
blaFONA-10	1
blaFONA-11	4
blaFONA-12	3
blaFONA-2	10
blaFONA-3	1
blaFONA-4	3
blaFONA-6	1
blaFONA-7	2
blaFONA-8	9
blaFOX	26
blaFOX-14	3
blaFOX-20	1
blaFOX-3	1
blaFOX-5	278
blaFOX-7	3
blaFRI	12
blaFRI-11	2
blaFRI-4	3
blaFRI-5	1
blaFRI-8	2
blaFRI-9	2
blaGES	173
blaGES-1	182
blaGES-11	122
blaGES-12	12
blaGES-13	7
blaGES-14	2
blaGES-15	8
blaGES-16	4
blaGES-17	3
blaGES-18	1
blaGES-19	125
blaGES-2	7
blaGES-20	129
blaGES-22	3
blaGES-24	47
blaGES-26	16
blaGES-32	1
blaGES-35	10
blaGES-38	1
blaGES-4	19
blaGES-40	7
blaGES-41	1
blaGES-44	1
blaGES-47	1
blaGES-48	2
blaGES-5	444
blaGES-50	2
blaGES-51	1
blaGES-54	1
blaGES-59	4
blaGES-6	26
blaGES-7	22
blaGES-9	228
blaGIL	36
blaGIL-1	1
blaGIM-1	12
blaGMA	2
blaGMA-1	16
blaGOB	135
blaGOB-10	4
blaGOB-12	3
blaGOB-16	7
blaGOB-17	53
blaGOB-20	238
blaGOB-21	10
blaGOB-22	10
blaGOB-24	5
blaGOB-26	11
blaGOB-27	3
blaGOB-28	1
blaGOB-3	83
blaGOB-30	10
blaGOB-38	32
blaGOB-39	2
blaGOB-4	71
blaGOB-40	11
blaGOB-41	12
blaGOB-42	3
blaGOB-43	9
blaGOB-44	1
blaGOB-45	6
blaGOB-46	1
blaGOB-47	3
blaGOB-48	4
blaGOB-5	8
blaGOB-50	21
blaGOB-52	3
blaGOB-6	26
blaGPC-1	1
blaHER	207
blaHER-3	1494
blaHMB-2	3
blaI	80885
blaIII	1896
blaIMI	17
blaIMI-1	137
blaIMI-12	4
blaIMI-13	2
blaIMI-16	3
blaIMI-17	2
blaIMI-2	18
blaIMI-20	3
blaIMI-24	2
blaIMI-4	6
blaIMI-6	14
blaIMI-9	10
blaIMP	111
blaIMP-1	973
blaIMP-10	27
blaIMP-100	1
blaIMP-101	1
blaIMP-11	9
blaIMP-13	126
blaIMP-14	31
blaIMP-15	56
blaIMP-16	10
blaIMP-18	59
blaIMP-19	23
blaIMP-20	1
blaIMP-22	38
blaIMP-23	2
blaIMP-26	118
blaIMP-27	405
blaIMP-29	5
blaIMP-3	1
blaIMP-31	2
blaIMP-34	5
blaIMP-37	1
blaIMP-38	28
blaIMP-4	1211
blaIMP-43	4
blaIMP-44	5
blaIMP-45	49
blaIMP-48	3
blaIMP-51	3
blaIMP-54	3
blaIMP-56	19
blaIMP-59	1
blaIMP-6	234
blaIMP-60	4
blaIMP-62	18
blaIMP-63	3
blaIMP-64	2
blaIMP-66	1
blaIMP-68	1
blaIMP-7	228
blaIMP-74	13
blaIMP-75	6
blaIMP-8	93
blaIMP-81	3
blaIMP-84	6
blaIMP-86	1
blaIMP-87	1
blaIMP-89	1
blaIMP-9	1
blaIMP-91	3
blaIMP-93	2
blaIMP-94	9
blaIMP-96	4
blaIMP-97	1
blaIMP-98	1
blaKBL	43
blaKBL-1	9
blaKHM-1	4
blaKLUC	4
blaKLUC-1	6
blaKLUC-2	6
blaKLUC-3	2
blaKLUC-5	7
blaKPC	408
blaKPC-10	3
blaKPC-100	2
blaKPC-103	1
blaKPC-104	1
blaKPC-105	1
blaKPC-106	1
blaKPC-107	1
blaKPC-108	1
blaKPC-109	1
blaKPC-110	1
blaKPC-113	2
blaKPC-114	1
blaKPC-115	1
blaKPC-118	2
blaKPC-119	1
blaKPC-12	20
blaKPC-122	2
blaKPC-123	1
blaKPC-124	2
blaKPC-125	1
blaKPC-126	2
blaKPC-127	1
blaKPC-128	1
blaKPC-129	1
blaKPC-130	3
blaKPC-135	1
blaKPC-139	1
blaKPC-14	12
blaKPC-140	1
blaKPC-142	1
blaKPC-143	1
blaKPC-144	3
blaKPC-146	1
blaKPC-148	6
blaKPC-150	1
blaKPC-157	6
blaKPC-160	3
blaKPC-166	9
blaKPC-167	3
blaKPC-17	2
blaKPC-170	1
blaKPC-178	1
blaKPC-179	2
blaKPC-18	13
blaKPC-180	2
blaKPC-181	3
blaKPC-184	1
blaKPC-189	1
blaKPC-2	20769
blaKPC-201	1
blaKPC-203	1
blaKPC-204	1
blaKPC-205	1
blaKPC-21	1
blaKPC-23	21
blaKPC-24	2
blaKPC-25	3
blaKPC-27	3
blaKPC-29	3
blaKPC-3	7201
blaKPC-30	2
blaKPC-31	63
blaKPC-32	2
blaKPC-33	79
blaKPC-35	7
blaKPC-36	2
blaKPC-39	3
blaKPC-4	275
blaKPC-40	2
blaKPC-41	2
blaKPC-44	4
blaKPC-45	5
blaKPC-46	4
blaKPC-49	3
blaKPC-5	45
blaKPC-50	1
blaKPC-51	1
blaKPC-52	1
blaKPC-53	3
blaKPC-56	4
blaKPC-6	32
blaKPC-61	2
blaKPC-62	7
blaKPC-65	2
blaKPC-66	8
blaKPC-67	3
blaKPC-68	4
blaKPC-69	1
blaKPC-7	1
blaKPC-70	1
blaKPC-71	6
blaKPC-74	1
blaKPC-75	1
blaKPC-76	3
blaKPC-78	3
blaKPC-79	2
blaKPC-8	10
blaKPC-80	1
blaKPC-81	2
blaKPC-82	1
blaKPC-84	5
blaKPC-86	3
blaKPC-87	4
blaKPC-88	1
blaKPC-90	7
blaKPC-92	1
blaKPC-93	7
blaKPC-94	1
blaKPC-95	1
blaKPC-96	1
blaKPC-97	1
blaL1	1314
blaL2	163
blaLAP	337
blaLAP-1	65
blaLAP-2	7068
blaLAT	1
blaLCR	2
blaLCR-1	51
blaLEN	334
blaLEN-10	20
blaLEN-11	32
blaLEN-12	13
blaLEN-13	166
blaLEN-16	338
blaLEN-17	174
blaLEN-18	10
blaLEN-19	10
blaLEN-2	189
blaLEN-21	2
blaLEN-22	19
blaLEN-23	1
blaLEN-24	5
blaLEN-25	25
blaLEN-27	79
blaLEN-28	6
blaLEN-30	14
blaLEN-31	14
blaLEN-32	17
blaLEN-38	2
blaLEN-39	1
blaLEN-40	1
blaLEN-41	2
blaLEN-42	1
blaLEN-43	3
blaLEN-51	2
blaLEN-55	10
blaLEN-58	1
blaLEN-7	74
blaLEN-8	34
blaLEN-9	186
blaLMB-1	1
blaM	2
blaMAL-1	118
blaMAL-2	72
blaMCA	27
blaMIR	202
blaMIR-10	18
blaMIR-11	22
blaMIR-12	11
blaMIR-13	2
blaMIR-15	27
blaMIR-16	29
blaMIR-17	4
blaMIR-18	2
blaMIR-19	4
blaMIR-20	26
blaMIR-21	13
blaMIR-22	17
blaMIR-23	9
blaMIR-24	9
blaMIR-25	66
blaMIR-29	2
blaMIR-3	125
blaMIR-30	2
blaMIR-5	26
blaMIR-7	10
blaMIR-9	36
blaMOR-2	17
blaMOX	18
blaMOX-1	2
blaMOX-18	1
blaMOX-2	7
blaMOX-3	2
blaMOX-9	5
blaMUN-1	2
blaNDM	640
blaNDM-1	13438
blaNDM-12	1
blaNDM-13	37
blaNDM-14	41
blaNDM-15	1
blaNDM-16a	2
blaNDM-16b	8
blaNDM-17	1
blaNDM-19	22
blaNDM-2	39
blaNDM-20	1
blaNDM-21	3
blaNDM-23	16
blaNDM-24	7
blaNDM-26	1
blaNDM-27	2
blaNDM-29	4
blaNDM-3	14
blaNDM-33	1
blaNDM-35	1
blaNDM-36	2
blaNDM-37	1
blaNDM-39	3
blaNDM-4	372
blaNDM-41	1
blaNDM-48	3
blaNDM-5	13154
blaNDM-50	18
blaNDM-51	1
blaNDM-55	1
blaNDM-56	1
blaNDM-57	1
blaNDM-58	1
blaNDM-6	53
blaNDM-61	1
blaNDM-64	1
blaNDM-7	1140
blaNDM-8	1
blaNDM-9	216
blaNMC-A	24
blaNPS	3
blaNPS-1	8
blaOKP-A	317
blaOKP-A-10	8
blaOKP-A-11	88
blaOKP-A-12	32
blaOKP-A-17	44
blaOKP-A-2	8
blaOKP-A-3	47
blaOKP-A-4	31
blaOKP-A-5	54
blaOKP-A-6	12
blaOKP-A-7	2
blaOKP-A-8	18
blaOKP-A-9	9
blaOKP-B	448
blaOKP-B-1	75
blaOKP-B-16	9
blaOKP-B-17	44
blaOKP-B-18	2
blaOKP-B-19	7
blaOKP-B-2	90
blaOKP-B-20	6
blaOKP-B-21	21
blaOKP-B-22	40
blaOKP-B-23	25
blaOKP-B-24	1
blaOKP-B-3	18
blaOKP-B-34	66
blaOKP-B-36	10
blaOKP-B-4	4
blaOKP-B-40	6
blaOKP-B-41	50
blaOKP-B-45	24
blaOKP-B-5	101
blaOKP-B-6	190
blaOKP-B-7	58
blaOKP-B-8	84
blaOKP-B-9	1
blaORN	37
blaORN-1	345
blaORN-2	1
blaORN-4	11
blaORN-5	4
blaORN-6	2
blaOXA	34422
blaOXA-1	53240
blaOXA-10	4900
blaOXA-100	190
blaOXA-101	121
blaOXA-1012	2
blaOXA-1014	132
blaOXA-1019	1
blaOXA-1020	5
blaOXA-1021	17
blaOXA-1022	50
blaOXA-1023	19
blaOXA-1024	25
blaOXA-1025	18
blaOXA-1026	154
blaOXA-1027	13
blaOXA-1028	553
blaOXA-1029	72
blaOXA-1030	126
blaOXA-1032	488
blaOXA-1033	119
blaOXA-1034	212
blaOXA-1035	461
blaOXA-1039	1
blaOXA-104	150
blaOXA-1040	7
blaOXA-1041	4
blaOXA-1042	4
blaOXA-1043	131
blaOXA-1045	21
blaOXA-1047	14
blaOXA-1049	2
blaOXA-106	80
blaOXA-107	3
blaOXA-1076	3
blaOXA-1082	2
blaOXA-1083	1
blaOXA-1087	7
blaOXA-109	83
blaOXA-1097	2
blaOXA-111	4
blaOXA-1114	1
blaOXA-1122	1
blaOXA-1124	14
blaOXA-1125	75
blaOXA-1126	4
blaOXA-1127	235
blaOXA-1129	15
blaOXA-113	115
blaOXA-1130	1
blaOXA-1131	25
blaOXA-1132	26
blaOXA-1133	13
blaOXA-1134	1
blaOXA-1135	100
blaOXA-1140	18
blaOXA-1148	1
blaOXA-1150	3
blaOXA-1162	3
blaOXA-1164	1
blaOXA-1165	1
blaOXA-1166	6
blaOXA-117	31
blaOXA-1174	78
blaOXA-1178	3
blaOXA-1181	5
blaOXA-1183	6
blaOXA-1184	3
blaOXA-1188	9
blaOXA-1189	2
blaOXA-119	1
blaOXA-1199	38
blaOXA-120	176
blaOXA-1202	2
blaOXA-1203	1
blaOXA-1204	1
blaOXA-1205	12
blaOXA-1207	17
blaOXA-121	69
blaOXA-1222	2
blaOXA-1224	1
blaOXA-123	5
blaOXA-1239	19
blaOXA-1242	1
blaOXA-1245	14
blaOXA-1246	4
blaOXA-1247	1
blaOXA-125	5
blaOXA-1250	25
blaOXA-1252	2
blaOXA-1253	10
blaOXA-1254	18
blaOXA-1255	24
blaOXA-126	48
blaOXA-128	2
blaOXA-129	91
blaOXA-130	8
blaOXA-132	41
blaOXA-139	18
blaOXA-14	26
blaOXA-141	1
blaOXA-142	3
blaOXA-143	1
blaOXA-144	35
blaOXA-146	2
blaOXA-148	6
blaOXA-15	5
blaOXA-150	3
blaOXA-160	1
blaOXA-161	1
blaOXA-162	43
blaOXA-163	35
blaOXA-164	8
blaOXA-17	83
blaOXA-172	48
blaOXA-179	2
blaOXA-180	25
blaOXA-181	3195
blaOXA-184	4376
blaOXA-185	21
blaOXA-19	14
blaOXA-193	47634
blaOXA-198	5
blaOXA-2	2482
blaOXA-20	20
blaOXA-201	13
blaOXA-202	6
blaOXA-204	111
blaOXA-205	8
blaOXA-206	1
blaOXA-207	12
blaOXA-208	49
blaOXA-21	48
blaOXA-210	7
blaOXA-213	4
blaOXA-217	21
blaOXA-219	21
blaOXA-223	245
blaOXA-224	2
blaOXA-225	145
blaOXA-226	15
blaOXA-23	18507
blaOXA-231	1
blaOXA-232	2740
blaOXA-234	7
blaOXA-235	233
blaOXA-237	411
blaOXA-239	36
blaOXA-24	2154
blaOXA-241	52
blaOXA-242	60
blaOXA-244	683
blaOXA-245	74
blaOXA-246	130
blaOXA-252	30
blaOXA-253	39
blaOXA-254	2
blaOXA-255	1
blaOXA-256	2
blaOXA-259	128
blaOXA-260	3
blaOXA-261	2
blaOXA-262	13
blaOXA-263	13
blaOXA-267	1
blaOXA-268	2
blaOXA-269	1
blaOXA-270	1
blaOXA-271	1
blaOXA-272	32
blaOXA-273	20
blaOXA-28	2
blaOXA-29	229
blaOXA-304	1
blaOXA-305	11
blaOXA-312	18
blaOXA-313	2
blaOXA-314	30
blaOXA-316	2
blaOXA-317	18
blaOXA-32	1
blaOXA-323	1
blaOXA-336	3
blaOXA-337	6
blaOXA-338	14
blaOXA-339	4
blaOXA-340	22
blaOXA-341	2
blaOXA-342	4
blaOXA-343	26
blaOXA-344	9
blaOXA-345	2
blaOXA-347	10
blaOXA-35	43
blaOXA-366	3
blaOXA-370	9
blaOXA-371	31
blaOXA-374	45
blaOXA-375	1
blaOXA-376	4
blaOXA-377	7
blaOXA-378	56
blaOXA-379	3
blaOXA-380	1
blaOXA-381	3
blaOXA-382	1
blaOXA-383	11
blaOXA-384	1
blaOXA-385	16
blaOXA-386	1
blaOXA-387	1
blaOXA-388	1
blaOXA-389	1
blaOXA-390	2
blaOXA-391	3
blaOXA-392	13
blaOXA-395	2576
blaOXA-396	2172
blaOXA-398	23
blaOXA-4	302
blaOXA-400	1
blaOXA-401	2
blaOXA-402	163
blaOXA-406	1
blaOXA-407	61
blaOXA-408	3
blaOXA-409	1
blaOXA-412	2
blaOXA-413	7
blaOXA-415	6
blaOXA-417	30
blaOXA-420	23
blaOXA-421	67
blaOXA-424	8
blaOXA-425	14
blaOXA-426	2
blaOXA-427	2
blaOXA-429	10
blaOXA-430	2
blaOXA-431	10
blaOXA-432	2
blaOXA-433	2
blaOXA-435	1
blaOXA-436	5
blaOXA-439	1
blaOXA-440	6
blaOXA-441	17
blaOXA-442	1
blaOXA-446	1
blaOXA-447	716
blaOXA-448	99
blaOXA-449	735
blaOXA-450	29
blaOXA-451	93
blaOXA-452	115
blaOXA-453	260
blaOXA-46	10
blaOXA-460	3502
blaOXA-461	2608
blaOXA-465	111
blaOXA-466	293
blaOXA-48	7125
blaOXA-484	132
blaOXA-485	28
blaOXA-486	3637
blaOXA-488	4691
blaOXA-489	3416
blaOXA-493	270
blaOXA-494	3140
blaOXA-497	3
blaOXA-499	4
blaOXA-5	1
blaOXA-50	3854
blaOXA-500	341
blaOXA-501	1
blaOXA-502	14
blaOXA-503	1
blaOXA-506	67
blaOXA-507	1
blaOXA-51	290
blaOXA-510	22
blaOXA-517	1
blaOXA-518	8
blaOXA-519	1
blaOXA-520	2
blaOXA-523	1
blaOXA-525	1
blaOXA-528	1
blaOXA-529	1
blaOXA-531	1
blaOXA-532	2
blaOXA-533	1
blaOXA-534	30
blaOXA-539	1
blaOXA-542	14
blaOXA-543	3
blaOXA-544	1
blaOXA-545	1
blaOXA-554	1
blaOXA-555	7
blaOXA-556	13
blaOXA-558	5
blaOXA-56	58
blaOXA-560	1
blaOXA-564	10
blaOXA-565	2
blaOXA-576	55
blaOXA-577	470
blaOXA-578	447
blaOXA-579	20
blaOXA-58	512
blaOXA-580	360
blaOXA-581	15
blaOXA-582	1
blaOXA-583	37
blaOXA-584	31
blaOXA-585	70
blaOXA-586	11
blaOXA-587	3
blaOXA-588	2
blaOXA-589	8
blaOXA-590	8
blaOXA-591	438
blaOXA-592	142
blaOXA-593	2
blaOXA-594	2209
blaOXA-595	188
blaOXA-596	16
blaOXA-597	68
blaOXA-599	2
blaOXA-601	21
blaOXA-602	6
blaOXA-603	1406
blaOXA-604	2
blaOXA-605	12
blaOXA-608	20
blaOXA-609	29
blaOXA-61	4696
blaOXA-610	4
blaOXA-611	199
blaOXA-614	32
blaOXA-615	6
blaOXA-616	2
blaOXA-617	29
blaOXA-618	1
blaOXA-619	10
blaOXA-61_G-57T	21484
blaOXA-621	3
blaOXA-622	27
blaOXA-623	873
blaOXA-624	26
blaOXA-625	74
blaOXA-627	2
blaOXA-628	3
blaOXA-629	40
blaOXA-630	43
blaOXA-631	107
blaOXA-632	22
blaOXA-633	1
blaOXA-634	2
blaOXA-635	1
blaOXA-636	4
blaOXA-637	22
blaOXA-638	67
blaOXA-639	10
blaOXA-64	620
blaOXA-640	1
blaOXA-641	1
blaOXA-642	2
blaOXA-65	570
blaOXA-654	18
blaOXA-657	5
blaOXA-658	31
blaOXA-659	1
blaOXA-66	17546
blaOXA-663	1
blaOXA-67	65
blaOXA-675	68
blaOXA-677	33
blaOXA-679	1
blaOXA-68	252
blaOXA-680	1
blaOXA-682	1
blaOXA-683	2
blaOXA-684	10
blaOXA-685	4
blaOXA-686	1
blaOXA-687	4
blaOXA-688	12
blaOXA-689	2
blaOXA-69	1291
blaOXA-691	9
blaOXA-692	1
blaOXA-693	2
blaOXA-694	8
blaOXA-695	5
blaOXA-696	1
blaOXA-697	1
blaOXA-698	2
blaOXA-699	1
blaOXA-70	79
blaOXA-700	1
blaOXA-701	1
blaOXA-702	1
blaOXA-703	1
blaOXA-704	1
blaOXA-705	2
blaOXA-706	1
blaOXA-707	3
blaOXA-708	1
blaOXA-709	1
blaOXA-71	349
blaOXA-710	6
blaOXA-711	2
blaOXA-712	2
blaOXA-713	1
blaOXA-714	5
blaOXA-715	29
blaOXA-716	8
blaOXA-717	7
blaOXA-718	1
blaOXA-719	2
blaOXA-72	1981
blaOXA-720	4
blaOXA-721	1
blaOXA-722	1
blaOXA-723	1
blaOXA-724	11
blaOXA-725	7
blaOXA-726	9
blaOXA-729	1
blaOXA-732	2
blaOXA-735	10
blaOXA-738	2
blaOXA-739	3
blaOXA-74	29
blaOXA-740	1
blaOXA-741	1
blaOXA-742	4
blaOXA-743	1
blaOXA-744	1
blaOXA-745	1
blaOXA-746	1
blaOXA-747	1
blaOXA-748	1
blaOXA-749	2
blaOXA-750	1
blaOXA-751	1
blaOXA-753	5
blaOXA-754	1
blaOXA-755	2
blaOXA-756	2
blaOXA-757	1
blaOXA-758	2
blaOXA-759	1
blaOXA-760	1
blaOXA-761	2
blaOXA-762	9
blaOXA-763	1
blaOXA-764	1
blaOXA-765	1
blaOXA-766	1
blaOXA-767	1
blaOXA-768	2
blaOXA-769	2
blaOXA-770	5
blaOXA-771	5
blaOXA-772	1
blaOXA-773	8
blaOXA-774	1
blaOXA-775	1
blaOXA-776	1
blaOXA-778	1
blaOXA-779	2
blaOXA-78	26
blaOXA-781	2
blaOXA-782	2
blaOXA-783	8
blaOXA-784	57
blaOXA-785	76
blaOXA-786	6
blaOXA-79	1
blaOXA-794	1
blaOXA-795	1
blaOXA-796	50
blaOXA-798	3
blaOXA-799	1
blaOXA-80	63
blaOXA-800	1
blaOXA-801	5
blaOXA-802	2
blaOXA-803	4
blaOXA-812	1
blaOXA-813	1
blaOXA-818	2
blaOXA-819	6
blaOXA-82	1411
blaOXA-820	56
blaOXA-821	29
blaOXA-822	1
blaOXA-824	1
blaOXA-825	2
blaOXA-826	1
blaOXA-827	2
blaOXA-828	6
blaOXA-829	181
blaOXA-83	37
blaOXA-832	1
blaOXA-834	133
blaOXA-842	1
blaOXA-846	729
blaOXA-847	1533
blaOXA-848	676
blaOXA-849	1
blaOXA-85	1
blaOXA-850	12
blaOXA-851	589
blaOXA-853	4
blaOXA-854	3
blaOXA-855	5
blaOXA-856	11
blaOXA-857	1
blaOXA-858	1
blaOXA-859	1
blaOXA-861	1
blaOXA-862	4
blaOXA-863	5
blaOXA-864	1
blaOXA-865	1
blaOXA-866	1
blaOXA-867	1
blaOXA-868	8
blaOXA-869	1
blaOXA-870	2
blaOXA-871	1
blaOXA-872	1
blaOXA-873	1
blaOXA-874	1
blaOXA-875	1
blaOXA-876	1
blaOXA-877	2
blaOXA-878	1
blaOXA-88	5
blaOXA-880	1
blaOXA-881	1
blaOXA-882	1
blaOXA-884	1
blaOXA-885	2
blaOXA-886	1
blaOXA-887	1
blaOXA-888	1
blaOXA-889	1
blaOXA-890	1
blaOXA-891	3
blaOXA-892	2
blaOXA-893	1
blaOXA-897	1
blaOXA-9	6532
blaOXA-90	161
blaOXA-900	1
blaOXA-901	154
blaOXA-902	53
blaOXA-903	1
blaOXA-904	852
blaOXA-905	768
blaOXA-906	118
blaOXA-907	1
blaOXA-908	41
blaOXA-909	3
blaOXA-91	429
blaOXA-910	2
blaOXA-911	3
blaOXA-912	55
blaOXA-913	80
blaOXA-914	420
blaOXA-916	4
blaOXA-917	1
blaOXA-92	30
blaOXA-920	1
blaOXA-921	1
blaOXA-926	61
blaOXA-927	1
blaOXA-93	8
blaOXA-932	28
blaOXA-933	1
blaOXA-935	3
blaOXA-937	50
blaOXA-938	4
blaOXA-939	3
blaOXA-94	105
blaOXA-940	1
blaOXA-941	1
blaOXA-942	2
blaOXA-943	12
blaOXA-95	1619
blaOXA-950	29
blaOXA-951	6
blaOXA-955	4
blaOXA-956	57
blaOXA-96	8
blaOXA-963	1
blaOXA-964	40
blaOXA-965	2
blaOXA-966	1
blaOXA-97	3
blaOXA-971	1
blaOXA-973	1
blaOXA-976	2
blaOXA-977	5
blaOXA-98	168
blaOXA-980	1
blaOXA-99	7
blaOXY	135
blaOXY-1-1	241
blaOXY-1-10	2
blaOXY-1-11	10
blaOXY-1-12	2
blaOXY-1-13	14
blaOXY-1-14	13
blaOXY-1-16	1
blaOXY-1-17	2
blaOXY-1-18	2
blaOXY-1-19	1
blaOXY-1-2	126
blaOXY-1-3	48
blaOXY-1-4	9
blaOXY-1-7	80
blaOXY-1-8	67
blaOXY-1-9	30
blaOXY-10-1	3
blaOXY-11-1	1
blaOXY-2-1	69
blaOXY-2-10	8
blaOXY-2-11	46
blaOXY-2-12	64
blaOXY-2-16	118
blaOXY-2-17	3
blaOXY-2-18	15
blaOXY-2-2	59
blaOXY-2-20	24
blaOXY-2-21	13
blaOXY-2-22	79
blaOXY-2-23	3
blaOXY-2-24	1
blaOXY-2-25	1
blaOXY-2-26	9
blaOXY-2-27	7
blaOXY-2-28	5
blaOXY-2-30	5
blaOXY-2-4	147
blaOXY-2-6	34
blaOXY-2-7	109
blaOXY-2-8	49
blaOXY-5-1	31
blaOXY-5-10	1
blaOXY-5-11	6
blaOXY-5-2	7
blaOXY-5-3	24
blaOXY-5-4	60
blaOXY-5-5	22
blaOXY-5-6	21
blaOXY-5-7	5
blaOXY-5-8	2
blaOXY-5-9	9
blaOXY_G-34A	47
blaOXY_G-38T	33
blaOXY_T-58A	2
blaOXY_T-67C	33
blaP	1
blaPAC	4
blaPAC-1	117
blaPAU-1	23
blaPC1	16656
blaPDC	1730
blaPDC-1	2163
blaPDC-10	32
blaPDC-100	54
blaPDC-101	14
blaPDC-103	215
blaPDC-104	7
blaPDC-105	12
blaPDC-106	1
blaPDC-107	36
blaPDC-108	16
blaPDC-109	85
blaPDC-11	659
blaPDC-111	1
blaPDC-112	17
blaPDC-113	19
blaPDC-114	23
blaPDC-115	49
blaPDC-116	10
blaPDC-117	68
blaPDC-118	3
blaPDC-119	31
blaPDC-12	364
blaPDC-120	120
blaPDC-121	162
blaPDC-122	25
blaPDC-123	24
blaPDC-124	46
blaPDC-125	5
blaPDC-126	1
blaPDC-127	48
blaPDC-129	9
blaPDC-131	1
blaPDC-133	30
blaPDC-134	4
blaPDC-137	9
blaPDC-138	5
blaPDC-139	4
blaPDC-14	243
blaPDC-140	3
blaPDC-141	4
blaPDC-142	80
blaPDC-143	3
blaPDC-147	34
blaPDC-15	464
blaPDC-151	3
blaPDC-153	1
blaPDC-156	1
blaPDC-158	3
blaPDC-16	1159
blaPDC-161	6
blaPDC-162	10
blaPDC-167	39
blaPDC-168	3
blaPDC-17	4
blaPDC-170	4
blaPDC-171	13
blaPDC-172	23
blaPDC-174	6
blaPDC-177	5
blaPDC-182	1
blaPDC-184	17
blaPDC-186	1
blaPDC-187	2
blaPDC-188	2
blaPDC-189	7
blaPDC-191	6
blaPDC-192	12
blaPDC-194	1
blaPDC-195	4
blaPDC-197	9
blaPDC-198	2
blaPDC-199	12
blaPDC-19a	1549
blaPDC-19b	9
blaPDC-2	1
blaPDC-20	39
blaPDC-201	11
blaPDC-205	1
blaPDC-207	1
blaPDC-208	1
blaPDC-209	3
blaPDC-210	1
blaPDC-211	8
blaPDC-213	14
blaPDC-214	6
blaPDC-218	29
blaPDC-21b	2
blaPDC-22	158
blaPDC-220	1
blaPDC-222	1
blaPDC-223	1
blaPDC-225	7
blaPDC-226	4
blaPDC-227	1
blaPDC-23	48
blaPDC-235	2
blaPDC-24	879
blaPDC-240	5
blaPDC-244	1
blaPDC-245	1
blaPDC-250	2
blaPDC-251	1
blaPDC-255	6
blaPDC-256	5
blaPDC-257	5
blaPDC-258	3
blaPDC-260	2
blaPDC-261	2
blaPDC-264	13
blaPDC-265	1
blaPDC-266	10
blaPDC-271	1
blaPDC-274	3
blaPDC-278	22
blaPDC-28	43
blaPDC-280	3
blaPDC-285	12
blaPDC-286	3
blaPDC-288	3
blaPDC-291	1
blaPDC-298	2
blaPDC-3	5756
blaPDC-30	332
blaPDC-301	50
blaPDC-302	10
blaPDC-303	21
blaPDC-308	2
blaPDC-309	18
blaPDC-31	397
blaPDC-312	2
blaPDC-319	1
blaPDC-321	1
blaPDC-322	6
blaPDC-326	1
blaPDC-33	8
blaPDC-331	1
blaPDC-334	5
blaPDC-335	2
blaPDC-336	1
blaPDC-337	3
blaPDC-338	1
blaPDC-339	1
blaPDC-34	908
blaPDC-340	1
blaPDC-341	1
blaPDC-346	5
blaPDC-348	4
blaPDC-35	2145
blaPDC-353	2
blaPDC-359	2
blaPDC-36	330
blaPDC-361	6
blaPDC-363	1
blaPDC-364	8
blaPDC-367	4
blaPDC-37	251
blaPDC-370	2
blaPDC-371	3
blaPDC-374	13
blaPDC-375	2
blaPDC-376	1
blaPDC-38	168
blaPDC-382	3
blaPDC-39	161
blaPDC-392	1
blaPDC-393	2
blaPDC-394	1
blaPDC-396	1
blaPDC-397	1
blaPDC-401	1
blaPDC-402	7
blaPDC-407	4
blaPDC-408	3
blaPDC-41	19
blaPDC-412	1
blaPDC-42	2
blaPDC-423	1
blaPDC-427	1
blaPDC-428	2
blaPDC-43	11
blaPDC-431	2
blaPDC-432	7
blaPDC-433	12
blaPDC-434	1
blaPDC-44	4
blaPDC-440	5
blaPDC-442	3
blaPDC-443	13
blaPDC-445	1
blaPDC-447	2
blaPDC-45	59
blaPDC-452	1
blaPDC-454	5
blaPDC-455	2
blaPDC-457	7
blaPDC-46	154
blaPDC-469	4
blaPDC-47	1
blaPDC-472	3
blaPDC-477	1
blaPDC-478	1
blaPDC-479	7
blaPDC-48	1
blaPDC-480	3
blaPDC-481	5
blaPDC-49	1
blaPDC-5	4297
blaPDC-50	2
blaPDC-51	45
blaPDC-511	1
blaPDC-515	1
blaPDC-52	10
blaPDC-520	2
blaPDC-521	3
blaPDC-525	1
blaPDC-526	7
blaPDC-527	1
blaPDC-528	1
blaPDC-529	4
blaPDC-53	66
blaPDC-535	1
blaPDC-537	21
blaPDC-54	1
blaPDC-546	2
blaPDC-547	1
blaPDC-55	2
blaPDC-550	1
blaPDC-558	1
blaPDC-56	64
blaPDC-560	1
blaPDC-564	1
blaPDC-565	4
blaPDC-57	1
blaPDC-575	2
blaPDC-576	1
blaPDC-58	8
blaPDC-582	1
blaPDC-583	2
blaPDC-587	2
blaPDC-59	123
blaPDC-592	1
blaPDC-594	7
blaPDC-597	1
blaPDC-6	169
blaPDC-60	161
blaPDC-61	1
blaPDC-62	11
blaPDC-63	37
blaPDC-64	61
blaPDC-65	3
blaPDC-66	119
blaPDC-67	57
blaPDC-68	30
blaPDC-69	5
blaPDC-70	4
blaPDC-71	115
blaPDC-72	1
blaPDC-74	14
blaPDC-8	3605
blaPDC-80	47
blaPDC-86	4
blaPDC-95	6
blaPDC-96	2
blaPDC-97	86
blaPDC-98	112
blaPEN-A	460
blaPEN-A1	11
blaPEN-A10	1
blaPEN-A11	2
blaPEN-A12	22
blaPEN-A13	4
blaPEN-A15	1
blaPEN-A16	3
blaPEN-A17	1
blaPEN-A18	10
blaPEN-A19	1
blaPEN-A2	8
blaPEN-A20	5
blaPEN-A21	1
blaPEN-A22	2
blaPEN-A23	3
blaPEN-A24	1
blaPEN-A25	1
blaPEN-A26	1
blaPEN-A27	1
blaPEN-A28	152
blaPEN-A29	1
blaPEN-A3	1
blaPEN-A30	1
blaPEN-A31	26
blaPEN-A32	12
blaPEN-A33	7
blaPEN-A34	6
blaPEN-A35	5
blaPEN-A37	8
blaPEN-A38	2
blaPEN-A4	9
blaPEN-A5	1
blaPEN-A6	3
blaPEN-A7	20
blaPEN-A8	5
blaPEN-A9	5
blaPEN-B	607
blaPEN-B1	26
blaPEN-B4	5
blaPEN-E	208
blaPEN-F	161
blaPEN-H	299
blaPEN-bcc	803
blaPER	34
blaPER-1	534
blaPER-10	5
blaPER-12	12
blaPER-13	10
blaPER-16	2
blaPER-2	26
blaPER-3	17
blaPER-4	23
blaPER-7	401
blaPER-8	2
blaPER-9	3
blaPLA	54
blaPLA-1	16
blaPLA-2a	31
blaPLA-3	8
blaPLA-4	8
blaPLA-6	10
blaPME	47
blaPME-1	82
blaPSE	489
blaR1	91263
blaRATA	8
blaROB	26
blaROB-1	375
blaROB-10	1
blaROB-11	9
blaROB-13	2
blaRSA1	4
blaRSC1	108
blaRTG	5
blaRUB	4
blaRUB-1	6
blaSCO	167
blaSCO-1	436
blaSED	367
blaSFC-1	1
blaSFDC	74
blaSFDC-1	1
blaSFH-1	1
blaSFO-1	316
blaSHV	7174
blaSHV-1	14139
blaSHV-100	26
blaSHV-102	3
blaSHV-103	15
blaSHV-105	1
blaSHV-106	24
blaSHV-107	2
blaSHV-108	217
blaSHV-11	33030
blaSHV-110	192
blaSHV-111	16
blaSHV-115	7
blaSHV-116	25
blaSHV-119	70
blaSHV-12	10900
blaSHV-120	13
blaSHV-121	78
blaSHV-133	27
blaSHV-134	4
blaSHV-135	3
blaSHV-137	1
blaSHV-14	156
blaSHV-141	2
blaSHV-142	82
blaSHV-144	31
blaSHV-145	1
blaSHV-146	8
blaSHV-154	6
blaSHV-157	34
blaSHV-159	1
blaSHV-161	8
blaSHV-164	86
blaSHV-168	239
blaSHV-171	10
blaSHV-172	2
blaSHV-18	22
blaSHV-180	1
blaSHV-186	5
blaSHV-187	1118
blaSHV-189	4
blaSHV-193	11
blaSHV-194	4
blaSHV-195	1
blaSHV-196	9
blaSHV-198	7
blaSHV-2	404
blaSHV-200	1
blaSHV-201	17
blaSHV-202	12
blaSHV-204	27
blaSHV-205	97
blaSHV-206	4
blaSHV-207	97
blaSHV-209	6
blaSHV-210	1
blaSHV-211	14
blaSHV-213	1
blaSHV-214	7
blaSHV-215	7
blaSHV-216	1
blaSHV-217	35
blaSHV-219	3
blaSHV-220	21
blaSHV-223	2
blaSHV-224	41
blaSHV-225	1
blaSHV-226	9
blaSHV-229	1
blaSHV-230	1
blaSHV-231	3
blaSHV-232	15
blaSHV-236	2
blaSHV-24	2
blaSHV-240	10
blaSHV-244	1
blaSHV-25	128
blaSHV-26	650
blaSHV-27	1670
blaSHV-28	8225
blaSHV-2A	471
blaSHV-30	291
blaSHV-31	102
blaSHV-32	203
blaSHV-33	516
blaSHV-36	406
blaSHV-37	79
blaSHV-38	121
blaSHV-40	88
blaSHV-41	86
blaSHV-42	59
blaSHV-44	4
blaSHV-45	14
blaSHV-49	4
blaSHV-5	572
blaSHV-50	6
blaSHV-51	1
blaSHV-52	86
blaSHV-55	100
blaSHV-56	3
blaSHV-57	1
blaSHV-59	2
blaSHV-60	196
blaSHV-61	197
blaSHV-62	105
blaSHV-63	12
blaSHV-65	34
blaSHV-69	8
blaSHV-7	493
blaSHV-71	155
blaSHV-75	300
blaSHV-76	443
blaSHV-77	82
blaSHV-8	1
blaSHV-80	50
blaSHV-82	2
blaSHV-84	1
blaSHV-85	2
blaSHV-89	5
blaSHV-93	6
blaSHV_C-112A	389
blaSIM-1	4
blaSIM-2	4
blaSME	3
blaSME-2	24
blaSME-4	73
blaSPM	2
blaSPM-1	33
blaSPR	170
blaSRT	2156
blaSRT-2	315
blaSRT-3	110
blaTEM	26187
blaTEM-1	175210
blaTEM-10	37
blaTEM-103	37
blaTEM-104	1
blaTEM-105	2
blaTEM-106	3
blaTEM-110	6
blaTEM-116	552
blaTEM-12	65
blaTEM-120	2
blaTEM-122	2
blaTEM-128	3
blaTEM-131	4
blaTEM-132	1
blaTEM-133	12
blaTEM-135	2631
blaTEM-143	2
blaTEM-148	4
blaTEM-15	16
blaTEM-154	1
blaTEM-155	8
blaTEM-156	5
blaTEM-166	23
blaTEM-168	7
blaTEM-169	79
blaTEM-17	3
blaTEM-171	47
blaTEM-176	657
blaTEM-181	49
blaTEM-183	1
blaTEM-185	1
blaTEM-19	44
blaTEM-190	349
blaTEM-191	18
blaTEM-198	1
blaTEM-2	81
blaTEM-20	9
blaTEM-206	74
blaTEM-207	12
blaTEM-208	2
blaTEM-209	1
blaTEM-210	41
blaTEM-212	1
blaTEM-213	9
blaTEM-214	12
blaTEM-215	227
blaTEM-219	5
blaTEM-224	2
blaTEM-229	3
blaTEM-231	4
blaTEM-234	1
blaTEM-236	2
blaTEM-237	7
blaTEM-238	26
blaTEM-239	14
blaTEM-24	9
blaTEM-240	5
blaTEM-242	2
blaTEM-244	3
blaTEM-245	1
blaTEM-251	2
blaTEM-26	99
blaTEM-28	1
blaTEM-29	21
blaTEM-3	22
blaTEM-30	379
blaTEM-31	62
blaTEM-32	230
blaTEM-33	139
blaTEM-34	75
blaTEM-35	137
blaTEM-36	13
blaTEM-37	15
blaTEM-39	29
blaTEM-4	13
blaTEM-40	1161
blaTEM-5	1
blaTEM-52	312
blaTEM-54	7
blaTEM-57	626
blaTEM-6	3
blaTEM-61	8
blaTEM-63	21
blaTEM-7	1
blaTEM-70	1
blaTEM-71	1
blaTEM-76	6
blaTEM-77	1
blaTEM-79	9
blaTEM-8	1
blaTEM-80	2
blaTEM-81	1
blaTEM-84	63
blaTEM-9	3
blaTEM-90	1
blaTEM-92	3
blaTEMp_C141G	8
blaTEMp_C32T	1278
blaTEMp_G162T	306
blaTER	49
blaTER-1	1
blaTLA	3
blaTLA-1	1
blaTLA-3	2
blaTMB-1	2
blaVAM	2
blaVAM-1	8
blaVCC	2
blaVCC-1	4
blaVEB	126
blaVEB-1	246
blaVEB-10	3
blaVEB-11	4
blaVEB-14	12
blaVEB-16	13
blaVEB-17	18
blaVEB-18	120
blaVEB-2	18
blaVEB-20	1
blaVEB-21	15
blaVEB-22	4
blaVEB-25	6
blaVEB-28	1
blaVEB-3	35
blaVEB-32	2
blaVEB-5	76
blaVEB-6	111
blaVEB-7	2
blaVEB-8	6
blaVEB-9	248
blaVHH	239
blaVHW	4
blaVIM	242
blaVIM-1	1632
blaVIM-11	19
blaVIM-12	5
blaVIM-19	39
blaVIM-2	1955
blaVIM-20	41
blaVIM-23	18
blaVIM-24	13
blaVIM-26	20
blaVIM-27	11
blaVIM-28	3
blaVIM-29	11
blaVIM-3	2
blaVIM-31	2
blaVIM-33	4
blaVIM-34	1
blaVIM-36	3
blaVIM-37	4
blaVIM-4	709
blaVIM-45	1
blaVIM-46	1
blaVIM-47	6
blaVIM-5	45
blaVIM-51	1
blaVIM-52	1
blaVIM-58	2
blaVIM-59	1
blaVIM-6	19
blaVIM-60	5
blaVIM-61	19
blaVIM-62	1
blaVIM-63	6
blaVIM-66	4
blaVIM-67	3
blaVIM-69	1
blaVIM-7	3
blaVIM-75	4
blaVIM-78	4
blaVIM-79	1
blaVIM-80	211
blaVIM-82	1
blaVIM-84	2
blaVIM-85	3
blaVIM-86	9
blaVIM-87	1
blaVMB-1	33
blaYRC	196
blaZ	66247
ble	32659
ble-Sh	31
bleO	18060
cat	4
cat-TC	238
catA	26329
catA1	44562
catA13	403
catA16	266
catA2	12473
catA3	382
catB	4764
catB10	69
catB11	607
catB2	676
catB3	41038
catB6	25
catB7	30646
catB8	5032
catB8/aac(6')-Ib'	12
catB9	6580
catC	11441
catP	268
cblA	1
cepA	1
cepH	215
cepS	222
cfr	1086
cfr(B)	263
cfr(C)	507
cfr(D)	172
cfr(E)	129
cfxA	3
cfxA3	3
cirA_E133STOP	2
cirA_G75W	3
cirA_Q42STOP	8
cirA_R86S	7
cirA_W427STOP	2
cirA_Y253CfsTer5	13
clbA	35
cls_A20D	54
cls_A23V	1
cls_D27N	13
cls_F60S	2
cls_H215R	43
cls_L52F	1
cls_N13I	15
cls_N13T	19
cls_NFQ77del	3
cls_R218Q	44
cls_R267H	19
cls_T33N	1
cmeB	3020
cml	2534
cmlA	133
cmlA1	17918
cmlA10	133
cmlA4	163
cmlA5	5338
cmlA6	648
cmlA8	110
cmlB	100
cmlB1	36
cmrA_A68V	1
cmrA_L89Q	1
cmx	495
colS_A106V	5
cphA	1133
cphA1	289
cphA3	2
cplR	20522
crpP	19980
crrB_F84S	1
crrB_G183V	23
crrB_L94M	27
crrB_N141I	5
crrB_N141Y	7
crrB_P151L	20
crrB_P151S	20
crrB_Q10L	33
crrB_S195N	8
crrB_W140R	5
crrB_Y31H	5
cxpE	8996
cyaA_S352T	31021
dacB_G437D	7
dacB_I356A	3
dacB_T428P	44
dacB_W459STOP	4
dfr	2
dfrA	294
dfrA1	67802
dfrA10	241
dfrA12	42192
dfrA14	50142
dfrA15	2016
dfrA16	1199
dfrA17	41681
dfrA18	283
dfrA19	3126
dfrA20	20
dfrA21	199
dfrA22	83
dfrA23	678
dfrA24	58
dfrA25	405
dfrA26	58
dfrA27	6443
dfrA29	118
dfrA3	6
dfrA30	606
dfrA31	510
dfrA32	363
dfrA33	31
dfrA34	454
dfrA35	29
dfrA36	931
dfrA37	4
dfrA38	1
dfrA39	2
dfrA3b	40
dfrA4	188
dfrA40	1
dfrA41	26
dfrA42	45
dfrA44	62
dfrA45	204
dfrA46	141
dfrA47	80
dfrA48	5
dfrA49	5
dfrA5	9278
dfrA50	1655
dfrA51	3658
dfrA6	17
dfrA7	6246
dfrA8	3748
dfrA9	3
dfrB	8
dfrB1	277
dfrB10	4
dfrB2	205
dfrB3	57
dfrB4	102
dfrB5	878
dfrB6	1
dfrB9	5
dfrB_A135T	7903
dfrB_F99I	3
dfrB_F99Y	1701
dfrB_H150R	216
dfrB_H31N	35
dfrB_L21V	512
dfrB_L25I	36
dfrB_L41F	130
dfrB_N60I	487
dfrD	37
dfrE	657
dfrF	8205
dfrG	25965
dfrI	22
dfrK	1340
dfrL	1
dfrS1	4337
dltC_S63C	5107
eat(A)_T450I	5018
emhA	7
emhB	9
emhC	8
emrA	1378
emrB	1373
emrC	2621
emrD	102710
emrD3	1
emrR_L113P	5
emrR_L64R	2
emtA	14
ere(A)	3348
ere(B)	115
ere(D)	67
erm	254
erm(33)	1
erm(37)	7298
erm(42)	1513
erm(47)	8
erm(49)	13
erm(52)	203
erm(53)	22
erm(54)	5
erm(A)	24609
erm(B)	61350
erm(C)	14216
erm(F)	43
erm(G)	76
erm(Q)	368
erm(T)	4213
erm(X)	337
erm(Y)	1
estT	2263
estX/sat2	1
fabI_F203L	30
fabI_G93A	1
fabI_G93S	4
fabI_G93V	2
farB	32118
fexA	3522
fexB	340
floR	69325
floR2	2275
folP_A184V	218
folP_E208K	2027
folP_E258EKE	3075
folP_F17L	4643
folP_F28L	22
folP_F31L	470
folP_G194C	1
folP_G194GSG	104
folP_P64A	8
folP_P64L	4
folP_P64S	108
folP_R228S	23004
folP_S18L	29
folP_T51M	654
fos	5898
fosA	115880
fosA10	2031
fosA2	127
fosA3	12033
fosA4	423
fosA5	921
fosA6	1
fosA7	22022
fosA7.2	8034
fosA7.3	3867
fosA7.4	1154
fosA7.5	2473
fosA7.6	579
fosA7.7	598
fosA7.8	679
fosA7.9	66
fosA8	102
fosA9	19
fosB	66113
fosB1	24
fosB2	721
fosB3	24
fosB4	95
fosB5	4
fosB6	44
fosBx1	112
fosC2	11
fosD	290
fosE	17
fosF	2
fosG	4
fosH	2
fosI	9
fosL	6
fosL1	43
fosL2	12
fosM	1
fosX	64465
fosXCC	156
fosY	321
ftsI_A454V	39
ftsI_A498T	1
ftsI_A515V	8622
ftsI_F507L	37
ftsI_F533L	657
ftsI_G63S	41
ftsI_H394R	13
ftsI_I336IKYRI	2427
ftsI_I336IPYRI	213
ftsI_L367Q	3
ftsI_N337NYRIN	6090
ftsI_N427S	20
ftsI_P527S	115
ftsI_Q458R	1
ftsI_R504C	836
ftsI_R504L	19
ftsI_S368L	1
ftsI_T526S	267
ftsI_V471G	416
ftsI_V523A	7
ftsI_Y367C	11
fusA1_A555E	33
fusA1_E100G	14
fusA1_G545D	3
fusA1_I61M	3
fusA1_P554L	14
fusA1_P618L	33
fusA1_Q455R	9
fusA1_Q678L	31
fusA1_R371C	12
fusA1_R680C	167
fusA1_T456A	400
fusA1_T671A	89
fusA1_T671I	21
fusA1_Y552C	109
fusA_A160V	1
fusA_A376V	19
fusA_A655P	2
fusA_C473S	1
fusA_E444K	29
fusA_E444V	2
fusA_G451V	16
fusA_G452C	1
fusA_G452V	1
fusA_H457L	6
fusA_H457N	1
fusA_H457Q	51
fusA_H457Y	239
fusA_L430S	4
fusA_L456F	4
fusA_L461F	35
fusA_L461K	806
fusA_L461S	271
fusA_M453I	19
fusA_M651I	23
fusA_P404L	62
fusA_P404Q	14
fusA_P406L	20
fusA_P478S	10
fusA_R464S	1
fusA_R659L	8
fusA_S416F	1
fusA_T436I	1
fusA_T656K	6
fusA_V90A	18
fusA_V90I	246
fusB	827
fusC	3375
fusD	1
gar	105
glpT_A100V	26225
glpT_A434V	133
glpT_E448K	290271
glpT_F3I	6913
glpT_G352D	3
glpT_L27F	1517
glpT_T211P	155
glpT_V213I	6242
glpT_W137R	6
glpT_W355STOP	280
grdA	586
grlA_D84G	31
grlA_D84H	5
grlA_D84N	84
grlA_D84Y	38
grlA_S80I	1790
grlA_S80R	57
gshF_E554K	16
gyrA_A118S	39
gyrA_A118T	2
gyrA_A119E	13
gyrA_A196E	1
gyrA_A84P	12
gyrA_A84V	1
gyrA_D71G	2
gyrA_D71V	3
gyrA_D72G	3
gyrA_D81N	11
gyrA_D82G	3
gyrA_D82N	22
gyrA_D87A	5188
gyrA_D87G	19772
gyrA_D87H	300
gyrA_D87N	67975
gyrA_D87V	5
gyrA_D87Y	39945
gyrA_D90N	225
gyrA_D90Y	28
gyrA_D95A	7918
gyrA_D95G	3592
gyrA_D95N	562
gyrA_E87G	350
gyrA_E87K	48
gyrA_E88A	280
gyrA_E88G	516
gyrA_E88K	1324
gyrA_E88L	1
gyrA_G106D	382
gyrA_G79C	7
gyrA_G81C	79
gyrA_G81D	27
gyrA_P104S	296
gyrA_Q106H	8
gyrA_Q106L	7
gyrA_S81L	26389
gyrA_S83A	1550
gyrA_S83F	21531
gyrA_S83I	42672
gyrA_S83L	82802
gyrA_S83N	3
gyrA_S83R	1941
gyrA_S83T	1520
gyrA_S83V	315
gyrA_S83W	5
gyrA_S83Y	23533
gyrA_S84A	924
gyrA_S84L	35253
gyrA_S84V	190
gyrA_S84W	1
gyrA_S85A	1
gyrA_S85P	1507
gyrA_S91F	12187
gyrA_S91Y	15
gyrA_T173A	70
gyrA_T82A	37
gyrA_T82I	4129
gyrA_T82V	31
gyrA_T83A	131
gyrA_T83I	13535
gyrA_T86A	83
gyrA_T86I	33520
gyrA_T86K	15
gyrA_T86V	534
gyrA_T91I	195
gyrA_Y86N	2
gyrB_D426N	365
gyrB_D426V	140
gyrB_D436N	6
gyrB_E466D	357
gyrB_E466K	14
gyrB_E466V	3
gyrB_E468D	471
gyrB_G84S	5
gyrB_I139R	3091
gyrB_R143I	49
gyrB_R143S	4
gyrB_R447K	36
gyrB_S127L	6
gyrB_S366A	1639
gyrB_S366V	1933
gyrB_S416A	1963
gyrB_S464F	340
gyrB_S464T	6
gyrB_S464Y	83
gyrB_S466F	1286
gyrB_S466Y	390
gyrB_T172A	3
gyrB_V130I	1180
hugA	6
ileS_F563L	1
ileS_G593V	1
ileS_V588F	1805
ileS_V631F	167
kdeA	3
lapB_V43G	10
liaF_T194I	1
liaR_E75K	8302
liaR_S19F	5145
liaR_W73C	2637
liaS_A180T	38
liaS_E192G	124
liaS_H264Q	3
liaS_T120A	2635
lnu(A)	2093
lnu(A)'	46
lnu(AN2)	1
lnu(B)	4933
lnu(C)	950
lnu(E)	13
lnu(F)	6446
lnu(G)	2192
lnu(H)	52
lnu(P)	195
lon_P403L	2
lpxC_P30L	1
lpxM_V30G	17
lsa	4717
lsa(A)	8783
lsa(B)	22
lsa(C)	183
lsa(E)	4421
marR_A70T	11
marR_L78M	4
marR_R73C	4
marR_R73S	2
marR_R77C	5
marR_R77L	5
marR_R94H	24
marR_R94S	2
marR_S3N	12914
marR_V45E	3
marR_V96E	2
mcr-1	278
mcr-1.1	7317
mcr-1.11	1
mcr-1.12	3
mcr-1.18	8
mcr-1.19	3
mcr-1.2	24
mcr-1.26	145
mcr-1.27	5
mcr-1.28	1
mcr-1.31	1
mcr-1.32	29
mcr-1.33	2
mcr-1.34	1
mcr-1.37	1
mcr-1.4	1
mcr-1.5	20
mcr-1.7	11
mcr-1.8	3
mcr-1.9	1
mcr-10	50
mcr-10.1	421
mcr-10.2	2
mcr-10.3	2
mcr-2	1
mcr-2.1	23
mcr-2.3	10
mcr-3	811
mcr-3.1	224
mcr-3.11	6
mcr-3.12	1
mcr-3.16	4
mcr-3.17	6
mcr-3.19	5
mcr-3.2	32
mcr-3.20	8
mcr-3.21	12
mcr-3.22	4
mcr-3.23	2
mcr-3.24	8
mcr-3.25	1
mcr-3.26	1
mcr-3.27	3
mcr-3.28	1
mcr-3.3	10
mcr-3.39	23
mcr-3.4	21
mcr-3.40	7
mcr-3.41	1
mcr-3.42	1
mcr-3.5	110
mcr-3.6	3
mcr-3.9	2
mcr-4	8
mcr-4.1	1
mcr-4.2	7
mcr-4.3	29
mcr-4.6	23
mcr-4.9	3
mcr-5	23
mcr-5.1	141
mcr-5.3	2
mcr-8	20
mcr-8.1	120
mcr-8.2	50
mcr-8.3	3
mcr-8.4	1
mcr-9	380
mcr-9.1	4101
mcr-9.2	832
mcr-9.3	1
mdsA	521979
mdsB	521715
mdtM	244634
mecA	58906
mecA1	1
mecB	1
mecC	339
mecC2	1
mecI	12957
mecR1	48284
mef(A)	10774
mef(B)	1799
mef(C)	245
mef(D)	8
mef(En2)	1
mef(F)	15
mef(H)	3968
mef(J)	37
mepA	92320
mexA	31037
mexD_Q178R	1
mexD_S133G	2
mexE	30911
mexR_L57P	10
mexR_Q31STOP	10
mexR_Q49STOP	22
mexR_Q94STOP	1
mexR_R70Q	19
mexR_R83C	226
mexT_G300S	13
mexX	30785
mexZ_E8STOP	16
mexZ_G195E	346
mexZ_G46S	27
mexZ_Q103STOP	10
mexZ_Q10STOP	16
mexZ_Q134STOP	134
mexZ_Q69STOP	14
mexZ_Q95STOP	14
mexZ_V43A	17
mexZ_W167STOP	33
mgrB_A14S	83
mgrB_C28F	8
mgrB_C28Y	14
mgrB_C39STOP	11
mgrB_C39Y	32
mgrB_D31N	66
mgrB_F35I	1
mgrB_G37S	77
mgrB_I45T	3
mgrB_L24H	5
mgrB_M27K	55
mgrB_Q30STOP	239
mgrB_V32G	7
mgrB_W20R	10
mgrB_W47R	29
mph	200
mph(A)	83383
mph(B)	1574
mph(C)	12614
mph(E)	24303
mph(F)	41
mph(G)	245
mphK	1
mphL	1753
mphM	137
mprF_I420N	2
mprF_L341S	40
mprF_L826F	82
mprF_M347R	4
mprF_P314L	60
mprF_S295L	67
mprF_S337L	54
mprF_T345A	44
mprF_T345I	37
mprF_T345K	3
mprF_T472K	5
mprF_V351E	6
mreE_A694T	40
mreE_A694V	223
mreE_A778V	1600
mreE_A795L	28
mreE_A795V	710
mreE_M496V	21
mreE_V497L	4027
mreE_Y721C	161
mreE_Y721S	197
msr	15
msr(A)	13207
msr(C)	23251
msr(D)	10641
msr(E)	24640
msr(G)	31
msr(I)	36
msrF	8
mtrA	30657
mtrC	32124
mtrC_C-120T	20
mtrR	16675
mtrR_A-53del	7898
mtrR_A-56C	5
mtrR_A39T	11246
mtrR_G-131A	41
mtrR_G45D	2287
mtrR_G45S	29
mupA	3016
murA_D278E	13072
murA_E291D	25452
murA_G257D	16725
murA_Q362R	4
murA_T396N	12364
nalC_S127P	3
nalD_F198L	7
nalD_Q114STOP	5
narA	1629
narB	1626
nfsA_E223STOP	34
nfsA_E75STOP	17
nfsA_G126R	2093
nfsA_G131D	242
nfsA_G154E	156
nfsA_H11Y	624
nfsA_K141STOP	14
nfsA_Q113STOP	725
nfsA_Q44STOP	131
nfsA_Q67STOP	713
nfsA_R133S	65
nfsA_R15C	143
nfsA_R203C	349
nfsA_R203L	12
nfsA_S33R	210
nfsA_W159STOP	2237
nfsB_F84S	65
nfsB_G192D	28
nfsB_G192S	9
nfsB_W94STOP	164
nfxB_A38G	2
nfxB_R42H	6
nfxB_T39P	25
nimB-Cd	19123
nimB_T-35G	2460
norM	44746
norM_C-104T	100
npmA	67
npmB1	2
npmB2	2
ompC_Q171STOP	75
ompC_Q82STOP	130
ompC_R195L	305
ompF_G141D	7
ompF_L15STOP	8
ompF_Q88STOP	689
ompK35_E132K	1608
ompK35_W230STOP	272
ompK36_D135DD	833
ompK36_D135DGD	15456
ompK36_E78STOP	6
ompK36_E87STOP	7
ompK36_G133D	12
ompK36_Q313STOP	129
ompK36_Q66STOP	17
ompK36_Q70STOP	13
ompK36_T136TDT	1488
ompK36_T192del	7
ompK36_T333N	1
ompK36_W125STOP	94
ompR_G63V	2
oprD_E140STOP	19
oprD_E176STOP	87
oprD_E185STOP	28
oprD_E264STOP	4
oprD_E32STOP	9
oprD_E386STOP	14
oprD_L11P	18
oprD_Q142STOP	138
oprD_Q158STOP	40
oprD_Q164STOP	18
oprD_Q250STOP	29
oprD_Q327STOP	31
oprD_Q415STOP	31
oprD_Q424STOP	60
oprD_Q429STOP	11
oprD_S223P	4
oprD_S251STOP	14
oprD_S278P	51
oprD_S319STOP	78
oprD_V359L	9600
oprD_W138STOP	154
oprD_W277STOP	577
oprD_W339STOP	168
oprD_W417STOP	214
oprD_W65STOP	258
oprD_W6STOP	200
oprD_Y196STOP	4
oprD_Y283STOP	11
optrA	1887
oqxA	67002
oqxA10	2953
oqxA11	2383
oqxA2	903
oqxA3	546
oqxA4	40
oqxA5	12
oqxA6	84
oqxA7	6
oqxB	58201
oqxB10	45
oqxB12	1
oqxB13	3
oqxB14	1010
oqxB15	284
oqxB16	40
oqxB17	184
oqxB19	13998
oqxB2	503
oqxB20	1485
oqxB21	53
oqxB22	34
oqxB23	1
oqxB24	2
oqxB25	5469
oqxB27	61
oqxB29	10
oqxB31	6
oqxB32	3025
oqxB4	1
oqxB5	2624
oqxB6	305
oqxB7	14
oqxB9	352
oqxR_D95E	3135
oqxR_F6S	6
oqxR_Q11L	13
oqxR_V102G	2
oqxR_V113I	1792
parC_A108T	116
parC_A108V	196
parC_A116E	3
parC_A116V	18
parC_A56T	3102
parC_A85T	2
parC_D86G	1
parC_D86N	2679
parC_E84A	189
parC_E84G	7925
parC_E84K	4553
parC_E84R	2
parC_E84V	14728
parC_E88K	1467
parC_E91A	2
parC_E91G	1082
parC_E91K	117
parC_E91Q	167
parC_G78C	37
parC_G78D	23
parC_S57T	3007
parC_S79F	136
parC_S79Y	246
parC_S80F	22812
parC_S80I	117381
parC_S80R	7447
parC_S80W	7
parC_S80Y	14159
parC_S84F	167
parC_S84L	23730
parC_S84W	48
parC_S85F	30
parC_S85L	4696
parC_S87C	83
parC_S87I	220
parC_S87L	7370
parC_S87N	752
parC_S87R	6408
parC_S87W	486
parC_S88P	403
parC_W106G	1
parC_Y83N	5
parE_A473V	911
parE_A499T	1
parE_D420N	1
parE_D432H	65
parE_D432N	1283
parE_D432V	670
parE_D443E	4
parE_D475E	1755
parE_D476N	7
parE_E459D	19
parE_E460D	332
parE_E460K	107
parE_G410V	11
parE_H462Y	4
parE_I355T	3984
parE_I444F	11
parE_I464F	74
parE_I470M	1
parE_I529L	18080
parE_L416F	3702
parE_L445H	220
parE_M437I	2
parE_N470S	3
parE_P439S	40
parE_P451S	736
parE_P585S	1385
parE_R136G	1
parE_R444S	16
parE_S457G	79
parE_S457T	20
parE_S458A	16810
parE_S458P	32
parE_S458T	679
parE_V461G	4
parR_M59I	80
parS_L14Q	21
pbp1a	9608
pbp2_S569A	2
pbp2b	16430
pbp2m	33
pbp2x	15078
pbp2x_P601L	23
pbp2x_Q557E	5
pbp4_E183A	1
pbp4_E218K	244
pbp4_R200L	728
pbp5_E629V	20438
pbp5_M426I	5993
pbp5_M485A	20079
pbp5_M485T	197
pbp5_V586L	970
penA_A311V	111
penA_A501P	10
penA_A501T	964
penA_A501V	1345
penA_A510V	25138
penA_A516G	21845
penA_D346DD	22196
penA_F504L	25138
penA_G542S	3006
penA_G545S	3043
penA_I312M	3103
penA_N512Y	3180
penA_P551L	2244
penA_P551S	837
penA_T483S	104
penA_V316T	3103
pgsA_K66R	1
phoP_A110V	2
phoP_D191Y	9
phoP_I201N	1
phoQ_D266DD	11
phoQ_D438N	4
phoQ_G385S	26
phoQ_K123Q	1
phoQ_L26P	6
phoQ_L348Q	7
phoQ_L396Q	5
phoQ_L96P	6
phoQ_R16C	30
phoQ_S174N	1
phoQ_S56R	7
phoQ_V24G	36
phoQ_V260G	57
pmrA	46203
pmrA_E8D	24
pmrA_G15R	1
pmrA_G53C	34
pmrA_G53E	2
pmrA_G53S	40
pmrA_M12I	83
pmrA_R81C	5
pmrA_R81H	13
pmrA_S42N	18
pmrB_A159P	11
pmrB_A159V	61
pmrB_A226T	93
pmrB_A227V	86
pmrB_A247T	4
pmrB_A248T	24
pmrB_A54V	2
pmrB_C84R	6
pmrB_C84Y	21
pmrB_D313N	6
pmrB_D47del	4
pmrB_E121K	106
pmrB_E121Q	1
pmrB_E123D	44277
pmrB_E166K	34
pmrB_G188D	5
pmrB_G206D	10
pmrB_G206R	6
pmrB_G315D	8
pmrB_H340R	196
pmrB_I164F	16
pmrB_L10P	8
pmrB_L10R	10
pmrB_L14Q	6
pmrB_L14R	9
pmrB_L17Q	13
pmrB_L82R	11
pmrB_M186I	5
pmrB_M292T	1
pmrB_P170L	114
pmrB_P233S	46
pmrB_P233T	7
pmrB_P456S	3
pmrB_P94A	12
pmrB_P94L	28
pmrB_P94Q	11
pmrB_P94S	12
pmrB_Q270P	6
pmrB_R231L	7
pmrB_R256G	29361
pmrB_R259H	2
pmrB_R263L	7
pmrB_R89P	1
pmrB_RPISLR6del	6
pmrB_RQRL11del	1
pmrB_S124P	4
pmrB_S17R	9
pmrB_S208N	2
pmrB_S257N	2
pmrB_S305R	4
pmrB_S85R	44
pmrB_T140P	147
pmrB_T147P	3
pmrB_T156M	19
pmrB_T157P	420
pmrB_T232I	540
pmrB_T235I	15
pmrB_T253M	2
pmrB_T343A	77
pmrB_T92P	34
pmrB_V15I	6518
pmrB_V161G	683
pmrB_V161L	1
pmrB_V161M	2
pmrB_V9A	1
pmrB_Y358N	167418
pmrC_R125P	128
ponA_L421P	11389
porB1b_A121D	3291
porB1b_A121G	169
porB1b_A121N	3215
porB1b_A121S	3697
porB1b_G120D	511
porB1b_G120K	5979
porB1b_G120R	40
poxtA	359
poxtA-Ef	10
poxtA2	39
ptsI_V25I	19171
qepA	316
qepA1	331
qepA10	1
qepA2	24
qepA4	552
qepA6	3
qepA7	2
qepA8	247
qepA9	58
qnrA	152
qnrA1	5062
qnrA10	6
qnrA12	2
qnrA2	16
qnrA3	149
qnrA4	12
qnrA6	42
qnrA7	25
qnrA9	1
qnrB	1114
qnrB1	13459
qnrB10	69
qnrB12	31
qnrB13	1
qnrB17	61
qnrB19	17510
qnrB2	1841
qnrB28	2
qnrB3	2
qnrB32	5
qnrB35	60
qnrB38	342
qnrB39	2
qnrB4	5316
qnrB40	1
qnrB47	4
qnrB5	1
qnrB52	316
qnrB6	2688
qnrB60	3
qnrB61	11
qnrB65	2
qnrB67	1
qnrB68	2
qnrB69	18
qnrB7	280
qnrB70	1
qnrB71	1
qnrB77	50
qnrB84	3
qnrB9	246
qnrB91	445
qnrB95	1
qnrB98	3
qnrC	77
qnrD	250
qnrD1	1251
qnrD2	34
qnrD3	17
qnrE	148
qnrE1	102
qnrE2	95
qnrE3	41
qnrE4	28
qnrE7	15
qnrS	1152
qnrS1	47121
qnrS11	17
qnrS12	1
qnrS13	1110
qnrS14	1
qnrS2	1691
qnrS4	68
qnrVC	788
qnrVC1	1383
qnrVC10	25
qnrVC4	418
qnrVC5	259
qnrVC6	117
qnrVC7	35
qnrVC8	4
qnrVC9	70
ramR_A183D	3
ramR_A19V	3962
ramR_E160D	4
ramR_G25A	71
ramR_I88N	21
ramR_K5E	3
ramR_M84I	8
ramR_T162I	12
ramR_T18P	210
ramR_T43M	11
ramR_T50P	41
ramR_Y59H	5
rmt	3
rmtB	292
rmtB1	11544
rmtB2	7
rmtB3	2
rmtB4	256
rmtC	1175
rmtD	26
rmtD1	67
rmtD2	10
rmtE	13
rmtE1	138
rmtE2	10
rmtF	502
rmtF1	2133
rmtF2	513
rmtG	61
rmtH	9
rplB_G138D	80
rplC_G152D	16
rplD_G70D	462
rplV_A103V	24021
rplV_A88E	1
rplV_G86E	39
rplV_K83KKGPSLK	1
rplV_K90KARAK	1
rpoB_A473AA	1
rpoB_A473T	26
rpoB_A477D	292
rpoB_A477G	1
rpoB_A477T	37
rpoB_A477V	24
rpoB_D471E	39
rpoB_D471G	116
rpoB_D471Y	188
rpoB_D492N	2
rpoB_D492V	3
rpoB_D492Y	2
rpoB_D516G	27
rpoB_D550G	1
rpoB_G482D	334
rpoB_H481D	16
rpoB_H481N	2088
rpoB_H481Y	198
rpoB_H486Y	869
rpoB_H502N	562
rpoB_H502Y	3
rpoB_H526L	42
rpoB_H526Y	17
rpoB_H553N	7196
rpoB_I527F	10
rpoB_I527L	2
rpoB_I527M	142
rpoB_I572F	10
rpoB_I572L	4
rpoB_I572N	1
rpoB_L466S	455
rpoB_L511Q	7
rpoB_L533P	3
rpoB_N474K	1
rpoB_P564L	11
rpoB_Q148L	93
rpoB_Q465R	1
rpoB_Q468K	27
rpoB_Q468L	39
rpoB_Q468R	11
rpoB_Q489L	8
rpoB_Q513L	123
rpoB_Q513P	3
rpoB_R201H	1
rpoB_R484C	2
rpoB_R484H	39
rpoB_R505K	1219
rpoB_R529C	4
rpoB_S463N	4
rpoB_S464P	218
rpoB_S486L	82
rpoB_S507L	1
rpoB_S529L	393
rpoB_S531F	29
rpoB_S550F	7
rpoB_S550Y	4
rpoB_S583L	77
rpoB_T563P	2
rpoB_V1143D	9
rpoB_V1143G	3
rpoB_V1143L	1
rpoB_V146F	115
rpoC_R89G	1
rpoC_T641K	4054
rpoD_DDDA92del	4
rpoD_E98K	2
rpsE_T24P	2
rpsE_V27del	1
rpsJ_V57L	310
rpsJ_V57M	22049
rpsJ_Y58D	1074
rpsL_K43R	736
rpsL_K43T	2
rpsL_K88Q	4
rpsL_K88R	791
sal	1
sat2	43244
sat4	34292
satA	5268
sdeB	2739
sdeY	2776
smeF	1371
smfY	2565
soxR_G121D	111
soxR_R20H	57
soxS_A12S	1154
spd	132
spw	3619
str	1529
sul1	176869
sul2	201460
sul3	20921
sul4	5
tbtA	2
tbtB	44
tbtM	44
tet	2619
tet(31)	42
tet(32)	94
tet(33)	1
tet(34)	14054
tet(35)	13131
tet(36)	1
tet(38)	92385
tet(39)	602
tet(40)	950
tet(41)	1370
tet(44)	317
tet(45)	107
tet(57)	2
tet(59)	1496
tet(63)	3
tet(64)	352
tet(65)	2
tet(A)	177872
tet(B)	110748
tet(C)	4558
tet(D)	10425
tet(E)	374
tet(G)	7582
tet(H)	993
tet(H-J)	4
tet(J)	3820
tet(K)	12262
tet(L)	11980
tet(M)	77127
tet(O)	54187
tet(O/32/O)	1
tet(O/M/O)	1435
tet(O/W/32/O)	400
tet(Q)	9
tet(S)	1806
tet(T)	44
tet(W)	485
tet(X2)	89
tet(X3)	47
tet(X4)	1211
tet(X5)	69
tet(Y)	176
tet(Z)	1
tetA	112
tetA(46)	1
tetA(60)	1
tetA(D)	10
tetA(P)	1594
tetB	7
tetB(46)	1
tetB(60)	1
tetB(P)	1066
thfT	162
tmexC	328
tmexC1	280
tmexC2	80
tmexC3	240
tmexD	154
tmexD1	287
tmexD2	210
tmexD3	294
toprJ	112
toprJ1	760
toprJ2	76
tufA_A376V	3
tufA_G317D	2
tufA_L121Q	1
tufA_Q125R	3
tufA_R231V	1
tufA_R334C	2
tufA_Y161N	1
uhpA_G97D	33
uhpT_E350Q	39824
uhpT_G112E	1
uhpT_G358V	39
uhpT_W228STOP	7
uhpT_W425R	1
vanA	14654
vanB	4386
vanC	84
vanD	30
vanE	4
vanG	15784
vanH-A	14666
vanH-B	4386
vanH-D	30
vanH-M	102
vanH-P	4
vanM	87
vanN	2
vanP	4
vanR	6374
vanR-A	15188
vanR-B	4290
vanR-C	80
vanR-Cd	15214
vanR-Cd_T115A	554
vanR-D	29
vanR-E	4
vanR-G	14
vanR-M	99
vanR-N	2
vanR-P	4
vanS	147
vanS-A	14496
vanS-B	4289
vanS-B-Delta	2
vanS-C	60
vanS-Cd	13297
vanS-Cd_G339D	40
vanS-Cd_R334H	10
vanS-Cd_R334L	7
vanS-Cd_S333F	8
vanS-Cd_T369I	2422
vanS-D	30
vanS-E	4
vanS-G	14
vanS-M	116
vanS-N	2
vanS-P	4
vanS-Pt	561
vanT	11
vanT-C	72
vanT-Cd	15770
vanT-E	4
vanT-G	23
vanT-N	2
vanU-G	14
vanW	9
vanW-B	3699
vanW-G	22
vanX-A	14621
vanX-B	4387
vanX-D	30
vanX-M	48
vanX-P	4
vanX-Pt	1
vanXY	28
vanXY-C	80
vanXY-E	4
vanXY-N	2
vanY	96
vanY-A	13782
vanY-B	4382
vanY-D	30
vanY-G1	14
vanY-M	119
vanY-Pt	1
vanZ	18
vanZ-A	11485
vanZ1	14955
varG	9628
vat	8514
vat(A)	2
vat(B)	3
vat(D)	55
vat(E)	105
vat(F)	2396
vat(H)	1
vatI	14
vga	1515
vga(A)	856
vga(A)-LC	45
vga(B)	3
vga(C)	10
vga(D)	1
vga(E)	371
vga(F)	161
vga(G)	62212
vgb(A)	2
vmlR	1
walK_R263C	6
walK_S221P	3
yybT_I440S	1
